Class #,x1,x2,Target 1,Target 2
1,0.380418,0.579511,0.95,0.05
2,0.661175,0.324117,0.05,0.95
1,0.344401,0.462026,0.95,0.05
2,0.630915,0.544997,0.05,0.95
1,0.40831,0.443923,0.95,0.05
2,0.510938,0.462173,0.05,0.95
1,0.309382,0.53105,0.95,0.05
2,0.686875,0.567681,0.05,0.95
1,0.487806,0.497883,0.95,0.05
2,0.592174,0.543448,0.05,0.95
1,0.451703,0.481938,0.95,0.05
2,0.714742,0.491445,0.05,0.95
1,0.438996,0.473527,0.95,0.05
2,0.58372,0.52448,0.05,0.95
1,0.367322,0.481331,0.95,0.05
2,0.614845,0.317352,0.05,0.95
1,0.393367,0.444113,0.95,0.05
2,0.594853,0.56714,0.05,0.95
1,0.340208,0.397092,0.95,0.05
2,0.62069,0.669095,0.05,0.95
1,0.510163,0.540178,0.95,0.05
2,0.622957,0.364017,0.05,0.95
1,0.38878,0.489427,0.95,0.05
2,0.664467,0.499578,0.05,0.95
1,0.420691,0.571808,0.95,0.05
2,0.655537,0.318238,0.05,0.95
1,0.41001,0.573986,0.95,0.05
2,0.659581,0.457797,0.05,0.95
1,0.453924,0.552556,0.95,0.05
2,0.671798,0.57673,0.05,0.95
1,0.348509,0.392481,0.95,0.05
2,0.691255,0.590069,0.05,0.95
1,0.427183,0.450178,0.95,0.05
2,0.634607,0.590579,0.05,0.95
1,0.391988,0.36874,0.95,0.05
2,0.56307,0.393222,0.05,0.95
1,0.364106,0.434812,0.95,0.05
2,0.660016,0.506272,0.05,0.95
1,0.499637,0.434803,0.95,0.05
2,0.520097,0.55692,0.05,0.95
1,0.475773,0.564481,0.95,0.05
2,0.589438,0.61282,0.05,0.95
1,0.400315,0.488373,0.95,0.05
2,0.574198,0.461755,0.05,0.95
1,0.414779,0.50206,0.95,0.05
2,0.769442,0.460335,0.05,0.95
1,0.4548,0.436295,0.95,0.05
2,0.575335,0.349061,0.05,0.95
1,0.38966,0.628433,0.95,0.05
2,0.669519,0.447188,0.05,0.95
1,0.470616,0.436442,0.95,0.05
2,0.618798,0.572874,0.05,0.95
1,0.327604,0.428082,0.95,0.05
2,0.8,0.43792,0.05,0.95
1,0.42383,0.533953,0.95,0.05
2,0.654796,0.469612,0.05,0.95
1,0.407388,0.576696,0.95,0.05
2,0.540664,0.495726,0.05,0.95
1,0.358601,0.544009,0.95,0.05
2,0.547261,0.332274,0.05,0.95
1,0.365595,0.477835,0.95,0.05
2,0.586706,0.541756,0.05,0.95
1,0.361729,0.568134,0.95,0.05
2,0.479901,0.514566,0.05,0.95
1,0.398602,0.543446,0.95,0.05
2,0.579593,0.52292,0.05,0.95
1,0.352748,0.457347,0.95,0.05
2,0.625515,0.463443,0.05,0.95
1,0.375087,0.463949,0.95,0.05
2,0.552124,0.594339,0.05,0.95
1,0.531003,0.65691,0.95,0.05
2,0.716429,0.526117,0.05,0.95
1,0.502126,0.465829,0.95,0.05
2,0.680518,0.301491,0.05,0.95
1,0.400892,0.491947,0.95,0.05
2,0.572645,0.576399,0.05,0.95
1,0.453692,0.509097,0.95,0.05
2,0.692811,0.445667,0.05,0.95
1,0.483281,0.525847,0.95,0.05
2,0.620399,0.438144,0.05,0.95
1,0.38251,0.55468,0.95,0.05
2,0.631625,0.407461,0.05,0.95
1,0.293536,0.590908,0.95,0.05
2,0.54433,0.46227,0.05,0.95
1,0.350337,0.531803,0.95,0.05
2,0.75376,0.409398,0.05,0.95
1,0.427477,0.438009,0.95,0.05
2,0.558019,0.515778,0.05,0.95
1,0.390799,0.509178,0.95,0.05
2,0.639602,0.308029,0.05,0.95
1,0.525227,0.554095,0.95,0.05
2,0.744629,0.261069,0.05,0.95
1,0.405683,0.653636,0.95,0.05
2,0.604629,0.512311,0.05,0.95
1,0.472896,0.436774,0.95,0.05
2,0.610882,0.445459,0.05,0.95
1,0.279673,0.460312,0.95,0.05
2,0.678889,0.602621,0.05,0.95
1,0.34226,0.553004,0.95,0.05
2,0.704908,0.479327,0.05,0.95
1,0.422039,0.410768,0.95,0.05
2,0.537984,0.507416,0.05,0.95
1,0.397905,0.477034,0.95,0.05
2,0.680863,0.448264,0.05,0.95
1,0.377275,0.51323,0.95,0.05
2,0.636892,0.423279,0.05,0.95
1,0.470269,0.470979,0.95,0.05
2,0.485615,0.385752,0.05,0.95
1,0.387086,0.540788,0.95,0.05
2,0.660095,0.444303,0.05,0.95
1,0.438497,0.378935,0.95,0.05
2,0.589801,0.435694,0.05,0.95
1,0.442784,0.47638,0.95,0.05
2,0.671115,0.506923,0.05,0.95
1,0.391631,0.461497,0.95,0.05
2,0.512953,0.508915,0.05,0.95
1,0.385975,0.380311,0.95,0.05
2,0.782058,0.56089,0.05,0.95
1,0.466475,0.570321,0.95,0.05
2,0.630549,0.567862,0.05,0.95
1,0.47796,0.443871,0.95,0.05
2,0.565904,0.513316,0.05,0.95
1,0.333001,0.467976,0.95,0.05
2,0.575653,0.593873,0.05,0.95
1,0.500032,0.639319,0.95,0.05
2,0.61915,0.513708,0.05,0.95
1,0.426136,0.570034,0.95,0.05
2,0.588836,0.596877,0.05,0.95
1,0.308088,0.540209,0.95,0.05
2,0.721459,0.440133,0.05,0.95
1,0.445848,0.435541,0.95,0.05
2,0.717262,0.339022,0.05,0.95
1,0.454165,0.439657,0.95,0.05
2,0.696311,0.515168,0.05,0.95
1,0.423253,0.456055,0.95,0.05
2,0.593004,0.392542,0.05,0.95
1,0.364622,0.479434,0.95,0.05
2,0.596713,0.541152,0.05,0.95
1,0.478794,0.39433,0.95,0.05
2,0.692213,0.60125,0.05,0.95
1,0.548091,0.294743,0.95,0.05
2,0.554038,0.348207,0.05,0.95
1,0.414128,0.533899,0.95,0.05
2,0.738006,0.55998,0.05,0.95
1,0.423355,0.342456,0.95,0.05
2,0.741332,0.333326,0.05,0.95
1,0.377531,0.356908,0.95,0.05
2,0.675766,0.49551,0.05,0.95
1,0.429847,0.510577,0.95,0.05
2,0.525073,0.683711,0.05,0.95
1,0.471533,0.566473,0.95,0.05
2,0.61168,0.665593,0.05,0.95
1,0.485264,0.40471,0.95,0.05
2,0.604544,0.471745,0.05,0.95
1,0.288465,0.605213,0.95,0.05
2,0.644476,0.484821,0.05,0.95
1,0.295269,0.650004,0.95,0.05
2,0.614495,0.591707,0.05,0.95
1,0.327721,0.550275,0.95,0.05
2,0.564589,0.510832,0.05,0.95
1,0.347514,0.435501,0.95,0.05
2,0.600117,0.531335,0.05,0.95
1,0.400619,0.523986,0.95,0.05
2,0.667575,0.630645,0.05,0.95
1,0.427631,0.472146,0.95,0.05
2,0.515496,0.620486,0.05,0.95
1,0.394635,0.504155,0.95,0.05
2,0.478547,0.460677,0.05,0.95
1,0.381813,0.417346,0.95,0.05
2,0.5457,0.559235,0.05,0.95
1,0.377605,0.499863,0.95,0.05
2,0.646009,0.409176,0.05,0.95
1,0.330663,0.477761,0.95,0.05
2,0.657744,0.357466,0.05,0.95
1,0.337245,0.553257,0.95,0.05
2,0.652188,0.580466,0.05,0.95
1,0.391252,0.367631,0.95,0.05
2,0.747639,0.534784,0.05,0.95
1,0.445944,0.582433,0.95,0.05
2,0.654819,0.50131,0.05,0.95
1,0.341121,0.567685,0.95,0.05
2,0.528401,0.506843,0.05,0.95
1,0.35564,0.55425,0.95,0.05
2,0.558014,0.330409,0.05,0.95
1,0.467768,0.500032,0.95,0.05
2,0.668499,0.570039,0.05,0.95
1,0.419126,0.335102,0.95,0.05
2,0.613413,0.482541,0.05,0.95
1,0.358313,0.501168,0.95,0.05
2,0.48275,0.577996,0.05,0.95
1,0.391641,0.488152,0.95,0.05
2,0.556072,0.570827,0.05,0.95
1,0.508438,0.602699,0.95,0.05
2,0.606731,0.617506,0.05,0.95
1,0.264337,0.45573,0.95,0.05
2,0.63733,0.393391,0.05,0.95
1,0.415692,0.62426,0.95,0.05
2,0.726027,0.358268,0.05,0.95
1,0.441623,0.41922,0.95,0.05
2,0.502523,0.423609,0.05,0.95
1,0.370678,0.500621,0.95,0.05
2,0.583158,0.511757,0.05,0.95
1,0.324919,0.587713,0.95,0.05
2,0.655693,0.378874,0.05,0.95
1,0.33912,0.615524,0.95,0.05
2,0.615757,0.491398,0.05,0.95
1,0.48548,0.506972,0.95,0.05
2,0.657148,0.611328,0.05,0.95
1,0.492284,0.483427,0.95,0.05
2,0.753877,0.431673,0.05,0.95
1,0.371031,0.571224,0.95,0.05
2,0.565717,0.43053,0.05,0.95
1,0.423156,0.495726,0.95,0.05
2,0.592087,0.535097,0.05,0.95
1,0.601798,0.456827,0.95,0.05
2,0.508241,0.384552,0.05,0.95
1,0.446844,0.5506,0.95,0.05
2,0.629523,0.510378,0.05,0.95
1,0.446909,0.552067,0.95,0.05
2,0.665614,0.350897,0.05,0.95
1,0.368976,0.555979,0.95,0.05
2,0.545714,0.529317,0.05,0.95
1,0.410938,0.512323,0.95,0.05
2,0.681263,0.421934,0.05,0.95
1,0.320412,0.480932,0.95,0.05
2,0.636269,0.554297,0.05,0.95
1,0.379676,0.39516,0.95,0.05
2,0.626105,0.539078,0.05,0.95
1,0.416482,0.430026,0.95,0.05
2,0.600844,0.428437,0.05,0.95
1,0.500307,0.583695,0.95,0.05
2,0.654306,0.424029,0.05,0.95
1,0.505551,0.439402,0.95,0.05
2,0.579308,0.542503,0.05,0.95
1,0.386607,0.514222,0.95,0.05
2,0.506847,0.540078,0.05,0.95
1,0.278429,0.521267,0.95,0.05
2,0.55895,0.403338,0.05,0.95
1,0.387141,0.562029,0.95,0.05
2,0.724781,0.60598,0.05,0.95
1,0.477155,0.631762,0.95,0.05
2,0.562008,0.57554,0.05,0.95
1,0.450347,0.411705,0.95,0.05
2,0.576417,0.370858,0.05,0.95
1,0.467434,0.394814,0.95,0.05
2,0.629475,0.514935,0.05,0.95
1,0.452138,0.708166,0.95,0.05
2,0.632707,0.484049,0.05,0.95
1,0.355638,0.64954,0.95,0.05
2,0.765219,0.435204,0.05,0.95
1,0.352152,0.41842,0.95,0.05
2,0.573717,0.573773,0.05,0.95
1,0.339939,0.513444,0.95,0.05
2,0.700153,0.543086,0.05,0.95
1,0.441372,0.412773,0.95,0.05
2,0.632438,0.574652,0.05,0.95
1,0.534489,0.501307,0.95,0.05
2,0.631023,0.575292,0.05,0.95
1,0.398818,0.457718,0.95,0.05
2,0.60553,0.54468,0.05,0.95
1,0.344453,0.271285,0.95,0.05
2,0.695262,0.352765,0.05,0.95
1,0.298175,0.520126,0.95,0.05
2,0.683537,0.475107,0.05,0.95
1,0.397199,0.495959,0.95,0.05
2,0.75051,0.539036,0.05,0.95
1,0.479327,0.459629,0.95,0.05
2,0.566583,0.518845,0.05,0.95
1,0.374809,0.402247,0.95,0.05
2,0.536601,0.561363,0.05,0.95
1,0.436052,0.406583,0.95,0.05
2,0.617284,0.509073,0.05,0.95
1,0.284451,0.440742,0.95,0.05
2,0.512998,0.347285,0.05,0.95
1,0.39588,0.326929,0.95,0.05
2,0.582395,0.604169,0.05,0.95
1,0.43596,0.367244,0.95,0.05
2,0.557034,0.602549,0.05,0.95
1,0.271643,0.468176,0.95,0.05
2,0.587481,0.506514,0.05,0.95
1,0.383547,0.460354,0.95,0.05
2,0.586965,0.526414,0.05,0.95
1,0.420848,0.52316,0.95,0.05
2,0.615996,0.517503,0.05,0.95
1,0.532661,0.604962,0.95,0.05
2,0.588072,0.380346,0.05,0.95
1,0.373023,0.620388,0.95,0.05
2,0.563701,0.462311,0.05,0.95
1,0.354767,0.468759,0.95,0.05
2,0.744235,0.597797,0.05,0.95
1,0.434146,0.512618,0.95,0.05
2,0.524151,0.464854,0.05,0.95
1,0.346176,0.610976,0.95,0.05
2,0.54582,0.52805,0.05,0.95
1,0.374226,0.50012,0.95,0.05
2,0.637913,0.410319,0.05,0.95
1,0.501205,0.624012,0.95,0.05
2,0.57885,0.528556,0.05,0.95
1,0.517415,0.418061,0.95,0.05
2,0.620086,0.408767,0.05,0.95
1,0.505931,0.525388,0.95,0.05
2,0.619261,0.462847,0.05,0.95
1,0.284269,0.67885,0.95,0.05
2,0.592981,0.651855,0.05,0.95
1,0.435757,0.676914,0.95,0.05
2,0.591926,0.575854,0.05,0.95
1,0.38358,0.658813,0.95,0.05
2,0.662403,0.589973,0.05,0.95
1,0.277433,0.374862,0.95,0.05
2,0.646,0.520841,0.05,0.95
1,0.404451,0.637087,0.95,0.05
2,0.542199,0.472628,0.05,0.95
1,0.433257,0.466321,0.95,0.05
2,0.640776,0.56093,0.05,0.95
1,0.503595,0.632039,0.95,0.05
2,0.686695,0.453436,0.05,0.95
1,0.469687,0.54658,0.95,0.05
2,0.680487,0.200311,0.05,0.95
1,0.530131,0.375326,0.95,0.05
2,0.658637,0.669423,0.05,0.95
1,0.427083,0.368535,0.95,0.05
2,0.570534,0.490481,0.05,0.95
1,0.465437,0.717717,0.95,0.05
2,0.631589,0.471068,0.05,0.95
1,0.469082,0.341539,0.95,0.05
2,0.645118,0.450255,0.05,0.95
1,0.344132,0.564129,0.95,0.05
2,0.527439,0.314752,0.05,0.95
1,0.515091,0.526418,0.95,0.05
2,0.526089,0.390466,0.05,0.95
1,0.504689,0.457066,0.95,0.05
2,0.605984,0.675161,0.05,0.95
1,0.517676,0.531578,0.95,0.05
2,0.486476,0.565838,0.05,0.95
1,0.425684,0.535134,0.95,0.05
2,0.568513,0.416735,0.05,0.95
1,0.462184,0.587998,0.95,0.05
2,0.636277,0.469327,0.05,0.95
1,0.443243,0.43447,0.95,0.05
2,0.658209,0.48935,0.05,0.95
1,0.371299,0.8,0.95,0.05
2,0.698878,0.521336,0.05,0.95
1,0.484852,0.576995,0.95,0.05
2,0.597546,0.511367,0.05,0.95
1,0.443756,0.604298,0.95,0.05
2,0.585402,0.405884,0.05,0.95
1,0.41801,0.532967,0.95,0.05
2,0.597537,0.390289,0.05,0.95
1,0.300728,0.602289,0.95,0.05
2,0.612725,0.527814,0.05,0.95
1,0.333343,0.44961,0.95,0.05
2,0.494751,0.557012,0.05,0.95
1,0.5107,0.505609,0.95,0.05
2,0.510818,0.479749,0.05,0.95
1,0.438845,0.474542,0.95,0.05
2,0.57637,0.510518,0.05,0.95
1,0.45037,0.461353,0.95,0.05
2,0.650783,0.370066,0.05,0.95
1,0.413744,0.439685,0.95,0.05
2,0.571877,0.276171,0.05,0.95
1,0.408822,0.478416,0.95,0.05
2,0.575683,0.457883,0.05,0.95
1,0.452175,0.583524,0.95,0.05
2,0.546909,0.251094,0.05,0.95
1,0.384527,0.619641,0.95,0.05
2,0.687451,0.360654,0.05,0.95
1,0.533035,0.577366,0.95,0.05
2,0.64547,0.50419,0.05,0.95
1,0.508818,0.289152,0.95,0.05
2,0.558035,0.514181,0.05,0.95
1,0.375909,0.53889,0.95,0.05
2,0.613155,0.378613,0.05,0.95
1,0.507974,0.62572,0.95,0.05
2,0.67147,0.567099,0.05,0.95
1,0.487502,0.597097,0.95,0.05
2,0.636874,0.495877,0.05,0.95
1,0.417383,0.45027,0.95,0.05
2,0.649016,0.465646,0.05,0.95
1,0.466224,0.433527,0.95,0.05
2,0.608066,0.511377,0.05,0.95
1,0.474456,0.430332,0.95,0.05
2,0.62156,0.414795,0.05,0.95
1,0.400729,0.438455,0.95,0.05
2,0.606778,0.484108,0.05,0.95
1,0.452301,0.574683,0.95,0.05
2,0.641292,0.384894,0.05,0.95
1,0.409582,0.556261,0.95,0.05
2,0.508126,0.480122,0.05,0.95
1,0.415317,0.459948,0.95,0.05
2,0.594097,0.579242,0.05,0.95
1,0.385231,0.651946,0.95,0.05
2,0.611957,0.541554,0.05,0.95
1,0.491376,0.563075,0.95,0.05
2,0.669288,0.556314,0.05,0.95
1,0.337323,0.431584,0.95,0.05
2,0.618134,0.440304,0.05,0.95
1,0.308331,0.279678,0.95,0.05
2,0.583922,0.374118,0.05,0.95
1,0.397061,0.511956,0.95,0.05
2,0.660163,0.44346,0.05,0.95
1,0.410617,0.466022,0.95,0.05
2,0.589276,0.253727,0.05,0.95
1,0.464743,0.443554,0.95,0.05
2,0.663282,0.472876,0.05,0.95
1,0.488473,0.607695,0.95,0.05
2,0.441895,0.498791,0.05,0.95
1,0.461093,0.463193,0.95,0.05
2,0.526631,0.492391,0.05,0.95
1,0.448199,0.696668,0.95,0.05
2,0.685779,0.419529,0.05,0.95
1,0.296448,0.48169,0.95,0.05
2,0.709169,0.325182,0.05,0.95
1,0.426263,0.414796,0.95,0.05
2,0.593028,0.566424,0.05,0.95
1,0.403558,0.371422,0.95,0.05
2,0.595955,0.466515,0.05,0.95
1,0.425536,0.471708,0.95,0.05
2,0.637136,0.42148,0.05,0.95
1,0.549269,0.542476,0.95,0.05
2,0.71887,0.398305,0.05,0.95
1,0.279002,0.300437,0.95,0.05
2,0.491184,0.452249,0.05,0.95
1,0.460856,0.52821,0.95,0.05
2,0.674469,0.396536,0.05,0.95
1,0.543201,0.594199,0.95,0.05
2,0.66657,0.490301,0.05,0.95
1,0.375342,0.45388,0.95,0.05
2,0.757835,0.522423,0.05,0.95
1,0.412848,0.552723,0.95,0.05
2,0.475171,0.410426,0.05,0.95
1,0.599259,0.483319,0.95,0.05
2,0.699275,0.540212,0.05,0.95
1,0.520698,0.577384,0.95,0.05
2,0.651939,0.444633,0.05,0.95
1,0.375017,0.598777,0.95,0.05
2,0.704428,0.492211,0.05,0.95
1,0.423766,0.320566,0.95,0.05
2,0.581077,0.520301,0.05,0.95
1,0.305018,0.363069,0.95,0.05
2,0.511945,0.438926,0.05,0.95
1,0.419198,0.46254,0.95,0.05
2,0.662126,0.502339,0.05,0.95
1,0.471903,0.554342,0.95,0.05
2,0.685905,0.442046,0.05,0.95
1,0.423048,0.479975,0.95,0.05
2,0.602489,0.580468,0.05,0.95
1,0.392311,0.463193,0.95,0.05
2,0.663099,0.539833,0.05,0.95
1,0.314412,0.623001,0.95,0.05
2,0.673353,0.654954,0.05,0.95
1,0.465728,0.488425,0.95,0.05
2,0.610712,0.49964,0.05,0.95
1,0.449944,0.453848,0.95,0.05
2,0.696241,0.618487,0.05,0.95
1,0.454212,0.565933,0.95,0.05
2,0.657957,0.583282,0.05,0.95
1,0.412554,0.391411,0.95,0.05
2,0.624198,0.492648,0.05,0.95
1,0.495053,0.434123,0.95,0.05
2,0.544446,0.365427,0.05,0.95
1,0.307974,0.464824,0.95,0.05
2,0.55813,0.411749,0.05,0.95
1,0.479095,0.420827,0.95,0.05
2,0.634873,0.396546,0.05,0.95
1,0.428897,0.449778,0.95,0.05
2,0.644295,0.726368,0.05,0.95
1,0.371976,0.537628,0.95,0.05
2,0.566773,0.43603,0.05,0.95
1,0.371643,0.466498,0.95,0.05
2,0.559623,0.538011,0.05,0.95
1,0.310183,0.7277,0.95,0.05
2,0.655923,0.449165,0.05,0.95
1,0.397661,0.383521,0.95,0.05
2,0.515151,0.48786,0.05,0.95
1,0.359294,0.700957,0.95,0.05
2,0.605979,0.46062,0.05,0.95
1,0.460611,0.430231,0.95,0.05
2,0.547103,0.2,0.05,0.95
1,0.572489,0.602148,0.95,0.05
2,0.688936,0.607859,0.05,0.95
1,0.547554,0.526573,0.95,0.05
2,0.604741,0.501328,0.05,0.95
1,0.527969,0.409122,0.95,0.05
2,0.597068,0.528227,0.05,0.95
1,0.405331,0.506366,0.95,0.05
2,0.604886,0.518372,0.05,0.95
1,0.374032,0.585069,0.95,0.05
2,0.557726,0.626197,0.05,0.95
1,0.412483,0.596003,0.95,0.05
2,0.623749,0.545008,0.05,0.95
1,0.448323,0.442852,0.95,0.05
2,0.456448,0.427452,0.05,0.95
1,0.333146,0.482045,0.95,0.05
2,0.706671,0.725222,0.05,0.95
1,0.497699,0.499638,0.95,0.05
2,0.58713,0.458598,0.05,0.95
1,0.465143,0.503055,0.95,0.05
2,0.720963,0.562469,0.05,0.95
1,0.432638,0.601007,0.95,0.05
2,0.519226,0.596019,0.05,0.95
1,0.50963,0.47363,0.95,0.05
2,0.559598,0.549768,0.05,0.95
1,0.283136,0.567427,0.95,0.05
2,0.553946,0.621297,0.05,0.95
1,0.490956,0.589417,0.95,0.05
2,0.720135,0.609076,0.05,0.95
1,0.500477,0.533434,0.95,0.05
2,0.584661,0.462607,0.05,0.95
1,0.548745,0.4013,0.95,0.05
2,0.508019,0.436237,0.05,0.95
1,0.454612,0.435002,0.95,0.05
2,0.678086,0.64542,0.05,0.95
1,0.38746,0.54646,0.95,0.05
2,0.535623,0.554828,0.05,0.95
1,0.384201,0.437546,0.95,0.05
2,0.702647,0.3962,0.05,0.95
1,0.38688,0.643106,0.95,0.05
2,0.553178,0.584489,0.05,0.95
1,0.401262,0.415426,0.95,0.05
2,0.713418,0.459467,0.05,0.95
1,0.325491,0.594791,0.95,0.05
2,0.690989,0.49201,0.05,0.95
1,0.559484,0.464488,0.95,0.05
2,0.510964,0.507118,0.05,0.95
1,0.463121,0.594061,0.95,0.05
2,0.571809,0.356949,0.05,0.95
1,0.354442,0.341751,0.95,0.05
2,0.508209,0.388252,0.05,0.95
1,0.510726,0.622318,0.95,0.05
2,0.583468,0.489331,0.05,0.95
1,0.516291,0.557988,0.95,0.05
2,0.622537,0.665365,0.05,0.95
1,0.624262,0.445519,0.95,0.05
2,0.611254,0.430202,0.05,0.95
1,0.326417,0.539183,0.95,0.05
2,0.494375,0.558126,0.05,0.95
1,0.447245,0.533239,0.95,0.05
2,0.702392,0.574732,0.05,0.95
1,0.381775,0.563266,0.95,0.05
2,0.542607,0.658511,0.05,0.95
1,0.352873,0.453607,0.95,0.05
2,0.560683,0.404078,0.05,0.95
1,0.433403,0.391168,0.95,0.05
2,0.498374,0.534108,0.05,0.95
1,0.547487,0.489664,0.95,0.05
2,0.577702,0.467568,0.05,0.95
1,0.390559,0.572924,0.95,0.05
2,0.569807,0.466087,0.05,0.95
1,0.267001,0.584289,0.95,0.05
2,0.659266,0.537218,0.05,0.95
1,0.417137,0.493757,0.95,0.05
2,0.694229,0.433186,0.05,0.95
1,0.287535,0.439397,0.95,0.05
2,0.664976,0.473884,0.05,0.95
1,0.359374,0.440704,0.95,0.05
2,0.634339,0.363076,0.05,0.95
1,0.403054,0.467046,0.95,0.05
2,0.589873,0.370779,0.05,0.95
1,0.300759,0.345163,0.95,0.05
2,0.529688,0.5057,0.05,0.95
1,0.361161,0.510834,0.95,0.05
2,0.587918,0.445538,0.05,0.95
1,0.557219,0.573195,0.95,0.05
2,0.703096,0.449823,0.05,0.95
1,0.38106,0.485533,0.95,0.05
2,0.564434,0.510813,0.05,0.95
1,0.30354,0.476261,0.95,0.05
2,0.6989,0.544473,0.05,0.95
1,0.454674,0.566448,0.95,0.05
2,0.723508,0.455616,0.05,0.95
1,0.400589,0.415459,0.95,0.05
2,0.630885,0.596313,0.05,0.95
1,0.34387,0.712017,0.95,0.05
2,0.513445,0.49072,0.05,0.95
1,0.497312,0.334713,0.95,0.05
2,0.600858,0.652138,0.05,0.95
1,0.453784,0.470642,0.95,0.05
2,0.634264,0.594803,0.05,0.95
1,0.454285,0.482802,0.95,0.05
2,0.580949,0.246693,0.05,0.95
1,0.481049,0.528062,0.95,0.05
2,0.433676,0.415985,0.05,0.95
1,0.457336,0.541786,0.95,0.05
2,0.600029,0.534474,0.05,0.95
1,0.412027,0.499642,0.95,0.05
2,0.728016,0.49744,0.05,0.95
1,0.422795,0.320128,0.95,0.05
2,0.629574,0.347344,0.05,0.95
1,0.438227,0.499326,0.95,0.05
2,0.638956,0.299874,0.05,0.95
1,0.370804,0.489251,0.95,0.05
2,0.553603,0.567412,0.05,0.95
1,0.431009,0.408478,0.95,0.05
2,0.598467,0.493252,0.05,0.95
1,0.266799,0.486584,0.95,0.05
2,0.512728,0.417873,0.05,0.95
1,0.34215,0.457578,0.95,0.05
2,0.542629,0.384282,0.05,0.95
1,0.297011,0.587659,0.95,0.05
2,0.638445,0.513442,0.05,0.95
1,0.451048,0.601509,0.95,0.05
2,0.569412,0.703317,0.05,0.95
1,0.462804,0.325867,0.95,0.05
2,0.435016,0.39933,0.05,0.95
1,0.450717,0.62296,0.95,0.05
2,0.647966,0.444093,0.05,0.95
1,0.386661,0.387828,0.95,0.05
2,0.566016,0.487351,0.05,0.95
1,0.338122,0.515644,0.95,0.05
2,0.561476,0.43712,0.05,0.95
1,0.535914,0.508115,0.95,0.05
2,0.630873,0.550112,0.05,0.95
1,0.407891,0.552004,0.95,0.05
2,0.515892,0.620605,0.05,0.95
1,0.376322,0.374159,0.95,0.05
2,0.561427,0.522631,0.05,0.95
1,0.358901,0.651379,0.95,0.05
2,0.698725,0.565481,0.05,0.95
1,0.453227,0.474589,0.95,0.05
2,0.528528,0.473057,0.05,0.95
1,0.292131,0.676261,0.95,0.05
2,0.575084,0.576136,0.05,0.95
1,0.438483,0.532725,0.95,0.05
2,0.614782,0.276029,0.05,0.95
1,0.352163,0.379665,0.95,0.05
2,0.589531,0.537062,0.05,0.95
1,0.541795,0.439944,0.95,0.05
2,0.616283,0.648378,0.05,0.95
1,0.351088,0.449093,0.95,0.05
2,0.759633,0.497876,0.05,0.95
1,0.629388,0.545491,0.95,0.05
2,0.609982,0.470345,0.05,0.95
1,0.313919,0.446901,0.95,0.05
2,0.519467,0.50758,0.05,0.95
1,0.440547,0.535853,0.95,0.05
2,0.536054,0.454157,0.05,0.95
1,0.452809,0.586588,0.95,0.05
2,0.603202,0.37401,0.05,0.95
1,0.476453,0.483679,0.95,0.05
2,0.679305,0.422936,0.05,0.95
1,0.472805,0.3518,0.95,0.05
2,0.504864,0.41138,0.05,0.95
1,0.363648,0.629086,0.95,0.05
2,0.617094,0.55562,0.05,0.95
1,0.340803,0.383772,0.95,0.05
2,0.649573,0.587051,0.05,0.95
1,0.359528,0.639718,0.95,0.05
2,0.623724,0.551347,0.05,0.95
1,0.45564,0.500587,0.95,0.05
2,0.507793,0.62149,0.05,0.95
1,0.56974,0.583792,0.95,0.05
2,0.596716,0.430251,0.05,0.95
1,0.278021,0.617989,0.95,0.05
2,0.587052,0.489343,0.05,0.95
1,0.371581,0.477972,0.95,0.05
2,0.639217,0.472399,0.05,0.95
1,0.406381,0.488388,0.95,0.05
2,0.685522,0.583691,0.05,0.95
1,0.358442,0.343805,0.95,0.05
2,0.682601,0.482346,0.05,0.95
1,0.313474,0.343294,0.95,0.05
2,0.529124,0.436811,0.05,0.95
1,0.377361,0.544851,0.95,0.05
2,0.5712,0.603204,0.05,0.95
1,0.304,0.571994,0.95,0.05
2,0.557166,0.474271,0.05,0.95
1,0.400106,0.278264,0.95,0.05
2,0.690526,0.543721,0.05,0.95
1,0.402387,0.375213,0.95,0.05
2,0.607828,0.695001,0.05,0.95
1,0.391527,0.564904,0.95,0.05
2,0.500604,0.666231,0.05,0.95
1,0.446609,0.446876,0.95,0.05
2,0.716713,0.412427,0.05,0.95
1,0.48357,0.555452,0.95,0.05
2,0.747339,0.338395,0.05,0.95
1,0.444881,0.611531,0.95,0.05
2,0.762157,0.341477,0.05,0.95
1,0.358503,0.440189,0.95,0.05
2,0.601353,0.511934,0.05,0.95
1,0.213328,0.43284,0.95,0.05
2,0.551888,0.491336,0.05,0.95
1,0.489834,0.477216,0.95,0.05
2,0.522139,0.518282,0.05,0.95
1,0.347546,0.575651,0.95,0.05
2,0.547877,0.458563,0.05,0.95
1,0.283127,0.456607,0.95,0.05
2,0.613985,0.40096,0.05,0.95
1,0.42088,0.54561,0.95,0.05
2,0.615914,0.641801,0.05,0.95
1,0.429259,0.52047,0.95,0.05
2,0.672195,0.418132,0.05,0.95
1,0.592701,0.416549,0.95,0.05
2,0.551326,0.480604,0.05,0.95
1,0.397109,0.317497,0.95,0.05
2,0.580205,0.524964,0.05,0.95
1,0.35128,0.508677,0.95,0.05
2,0.742753,0.557035,0.05,0.95
1,0.370033,0.651186,0.95,0.05
2,0.565683,0.534451,0.05,0.95
1,0.371006,0.490876,0.95,0.05
2,0.605113,0.576,0.05,0.95
1,0.392051,0.575398,0.95,0.05
2,0.646061,0.426841,0.05,0.95
1,0.360618,0.555626,0.95,0.05
2,0.755044,0.515897,0.05,0.95
1,0.37119,0.425267,0.95,0.05
2,0.634153,0.409569,0.05,0.95
1,0.370811,0.459418,0.95,0.05
2,0.611587,0.560999,0.05,0.95
1,0.330817,0.582571,0.95,0.05
2,0.651237,0.476211,0.05,0.95
1,0.33249,0.636282,0.95,0.05
2,0.69981,0.496558,0.05,0.95
1,0.484959,0.546007,0.95,0.05
2,0.571522,0.581634,0.05,0.95
1,0.406176,0.576472,0.95,0.05
2,0.572619,0.464161,0.05,0.95
1,0.34369,0.607574,0.95,0.05
2,0.575915,0.376556,0.05,0.95
1,0.414889,0.644795,0.95,0.05
2,0.549639,0.522897,0.05,0.95
1,0.469886,0.654111,0.95,0.05
2,0.610929,0.455887,0.05,0.95
1,0.505324,0.492531,0.95,0.05
2,0.540089,0.363477,0.05,0.95
1,0.461866,0.380278,0.95,0.05
2,0.608465,0.597222,0.05,0.95
1,0.418555,0.460773,0.95,0.05
2,0.60784,0.553423,0.05,0.95
1,0.34909,0.472607,0.95,0.05
2,0.644181,0.639066,0.05,0.95
1,0.514043,0.484846,0.95,0.05
2,0.52519,0.488233,0.05,0.95
1,0.382249,0.513887,0.95,0.05
2,0.601926,0.436516,0.05,0.95
1,0.391314,0.546555,0.95,0.05
2,0.637054,0.396435,0.05,0.95
1,0.333834,0.378989,0.95,0.05
2,0.545649,0.471049,0.05,0.95
1,0.434481,0.541357,0.95,0.05
2,0.604641,0.41039,0.05,0.95
1,0.499036,0.425752,0.95,0.05
2,0.499314,0.49206,0.05,0.95
1,0.386049,0.409698,0.95,0.05
2,0.714026,0.210956,0.05,0.95
1,0.2,0.490829,0.95,0.05
2,0.572065,0.510016,0.05,0.95
1,0.454767,0.411322,0.95,0.05
2,0.66792,0.375116,0.05,0.95
1,0.390943,0.472084,0.95,0.05
2,0.529588,0.61493,0.05,0.95
1,0.382445,0.460668,0.95,0.05
2,0.532619,0.495533,0.05,0.95
1,0.410134,0.394196,0.95,0.05
2,0.516842,0.562563,0.05,0.95
1,0.394096,0.382298,0.95,0.05
2,0.613602,0.539129,0.05,0.95
1,0.382319,0.548484,0.95,0.05
2,0.606863,0.461315,0.05,0.95
1,0.356417,0.536973,0.95,0.05
2,0.67797,0.248564,0.05,0.95
1,0.513623,0.572426,0.95,0.05
2,0.769073,0.578019,0.05,0.95
1,0.366336,0.450157,0.95,0.05
2,0.598218,0.634805,0.05,0.95
1,0.35957,0.441151,0.95,0.05
2,0.552836,0.510904,0.05,0.95
1,0.432904,0.300675,0.95,0.05
2,0.542938,0.525653,0.05,0.95
1,0.475639,0.474734,0.95,0.05
2,0.685029,0.494391,0.05,0.95
1,0.404698,0.440085,0.95,0.05
2,0.608149,0.482267,0.05,0.95
1,0.407319,0.593892,0.95,0.05
2,0.705592,0.392505,0.05,0.95
1,0.400962,0.552603,0.95,0.05
2,0.536742,0.527883,0.05,0.95
1,0.504435,0.367625,0.95,0.05
2,0.603496,0.410275,0.05,0.95
1,0.473679,0.509079,0.95,0.05
2,0.641821,0.431733,0.05,0.95
1,0.422428,0.335016,0.95,0.05
2,0.564064,0.494246,0.05,0.95
1,0.351557,0.418529,0.95,0.05
2,0.614952,0.500222,0.05,0.95
1,0.340091,0.474166,0.95,0.05
2,0.580591,0.559232,0.05,0.95
1,0.474423,0.429268,0.95,0.05
2,0.522362,0.52598,0.05,0.95
1,0.333424,0.619304,0.95,0.05
2,0.695844,0.445111,0.05,0.95
1,0.459235,0.514063,0.95,0.05
2,0.506821,0.449821,0.05,0.95
1,0.401269,0.483093,0.95,0.05
2,0.655493,0.537895,0.05,0.95
1,0.440737,0.278096,0.95,0.05
2,0.599718,0.597594,0.05,0.95
1,0.38454,0.601344,0.95,0.05
2,0.541162,0.431553,0.05,0.95
1,0.445383,0.354455,0.95,0.05
2,0.640911,0.592672,0.05,0.95
1,0.500188,0.576141,0.95,0.05
2,0.522676,0.577292,0.05,0.95
1,0.438111,0.41669,0.95,0.05
2,0.544878,0.509569,0.05,0.95
1,0.343497,0.51775,0.95,0.05
2,0.565495,0.317362,0.05,0.95
1,0.304774,0.346351,0.95,0.05
2,0.483741,0.388188,0.05,0.95
1,0.430585,0.639056,0.95,0.05
2,0.719905,0.622178,0.05,0.95
1,0.424669,0.628499,0.95,0.05
2,0.562727,0.5234,0.05,0.95
1,0.543227,0.636374,0.95,0.05
2,0.608295,0.390297,0.05,0.95
1,0.427429,0.492359,0.95,0.05
2,0.706683,0.446622,0.05,0.95
1,0.366679,0.492013,0.95,0.05
2,0.607249,0.503862,0.05,0.95
1,0.43608,0.58347,0.95,0.05
2,0.742468,0.424196,0.05,0.95
1,0.291871,0.483999,0.95,0.05
2,0.65707,0.432752,0.05,0.95
1,0.383561,0.692864,0.95,0.05
2,0.625551,0.406678,0.05,0.95
1,0.476207,0.535608,0.95,0.05
2,0.670114,0.380232,0.05,0.95
1,0.395263,0.585316,0.95,0.05
2,0.67629,0.648501,0.05,0.95
1,0.538135,0.389586,0.95,0.05
2,0.644152,0.325272,0.05,0.95
1,0.353491,0.540801,0.95,0.05
2,0.620113,0.506022,0.05,0.95
1,0.460592,0.327134,0.95,0.05
2,0.681468,0.551722,0.05,0.95
1,0.395587,0.494138,0.95,0.05
2,0.708764,0.49361,0.05,0.95
1,0.473332,0.44563,0.95,0.05
2,0.621538,0.497445,0.05,0.95
1,0.486109,0.531735,0.95,0.05
2,0.534568,0.575663,0.05,0.95
1,0.396964,0.434068,0.95,0.05
2,0.585025,0.511554,0.05,0.95
1,0.437748,0.520204,0.95,0.05
2,0.613642,0.626812,0.05,0.95
1,0.488592,0.456257,0.95,0.05
2,0.710084,0.431674,0.05,0.95
1,0.466747,0.390824,0.95,0.05
2,0.652128,0.614793,0.05,0.95
1,0.296876,0.396162,0.95,0.05
2,0.613676,0.447582,0.05,0.95
1,0.341111,0.632036,0.95,0.05
2,0.662199,0.448744,0.05,0.95
1,0.404101,0.548137,0.95,0.05
2,0.635519,0.357467,0.05,0.95
1,0.40897,0.510003,0.95,0.05
2,0.645422,0.520671,0.05,0.95
1,0.453692,0.489482,0.95,0.05
2,0.622147,0.44306,0.05,0.95
1,0.343249,0.68187,0.95,0.05
2,0.627837,0.387019,0.05,0.95
1,0.47535,0.514581,0.95,0.05
2,0.541743,0.517581,0.05,0.95
1,0.48214,0.501873,0.95,0.05
2,0.575495,0.31759,0.05,0.95
1,0.535349,0.569678,0.95,0.05
2,0.72463,0.526988,0.05,0.95
1,0.345646,0.243327,0.95,0.05
2,0.526101,0.466598,0.05,0.95
1,0.431874,0.295421,0.95,0.05
2,0.65627,0.409149,0.05,0.95
1,0.401306,0.590791,0.95,0.05
2,0.652007,0.413227,0.05,0.95
1,0.474592,0.469884,0.95,0.05
2,0.639516,0.469808,0.05,0.95
1,0.495415,0.398181,0.95,0.05
2,0.565555,0.523489,0.05,0.95
1,0.455128,0.396743,0.95,0.05
2,0.668781,0.544349,0.05,0.95
1,0.394519,0.523168,0.95,0.05
2,0.599383,0.736066,0.05,0.95
1,0.351035,0.560659,0.95,0.05
2,0.763287,0.498246,0.05,0.95
1,0.385138,0.402992,0.95,0.05
2,0.599373,0.453525,0.05,0.95
1,0.493896,0.518211,0.95,0.05
2,0.693095,0.633087,0.05,0.95
1,0.345293,0.493087,0.95,0.05
2,0.495255,0.481876,0.05,0.95
1,0.486765,0.584009,0.95,0.05
2,0.594292,0.507606,0.05,0.95
1,0.449508,0.517259,0.95,0.05
2,0.576636,0.513094,0.05,0.95
1,0.425056,0.495304,0.95,0.05
2,0.744169,0.512426,0.05,0.95
1,0.340722,0.53353,0.95,0.05
2,0.589035,0.504195,0.05,0.95
1,0.283625,0.501578,0.95,0.05
2,0.66283,0.627035,0.05,0.95
1,0.398211,0.63343,0.95,0.05
2,0.483296,0.651603,0.05,0.95
1,0.429702,0.469512,0.95,0.05
2,0.567231,0.501235,0.05,0.95
1,0.471821,0.523725,0.95,0.05
2,0.589664,0.434046,0.05,0.95
1,0.304766,0.491813,0.95,0.05
2,0.666016,0.545938,0.05,0.95
1,0.383008,0.573956,0.95,0.05
2,0.584338,0.417942,0.05,0.95
1,0.331455,0.392941,0.95,0.05
2,0.568381,0.452091,0.05,0.95
1,0.344032,0.47662,0.95,0.05
2,0.559887,0.503309,0.05,0.95
1,0.245773,0.546142,0.95,0.05
2,0.561167,0.580353,0.05,0.95
1,0.416832,0.497817,0.95,0.05
2,0.67493,0.574992,0.05,0.95
1,0.452668,0.663757,0.95,0.05
2,0.673789,0.669631,0.05,0.95
1,0.435371,0.534506,0.95,0.05
2,0.507172,0.546712,0.05,0.95
1,0.49549,0.408864,0.95,0.05
2,0.686718,0.373297,0.05,0.95
1,0.517183,0.451922,0.95,0.05
2,0.578284,0.401312,0.05,0.95
1,0.584581,0.504731,0.95,0.05
2,0.70603,0.664772,0.05,0.95
1,0.281409,0.558879,0.95,0.05
2,0.622194,0.341336,0.05,0.95
1,0.323706,0.305475,0.95,0.05
2,0.549683,0.417899,0.05,0.95
1,0.497876,0.716763,0.95,0.05
2,0.642966,0.472214,0.05,0.95
1,0.368712,0.325101,0.95,0.05
2,0.581603,0.572379,0.05,0.95
1,0.457944,0.531674,0.95,0.05
2,0.679563,0.580382,0.05,0.95
1,0.379172,0.616137,0.95,0.05
2,0.508527,0.443514,0.05,0.95
1,0.460912,0.56678,0.95,0.05
2,0.557081,0.519558,0.05,0.95
1,0.293366,0.608389,0.95,0.05
2,0.595502,0.606528,0.05,0.95
1,0.477083,0.40732,0.95,0.05
2,0.627521,0.539243,0.05,0.95
1,0.370491,0.386973,0.95,0.05
2,0.652412,0.310762,0.05,0.95
1,0.514654,0.517166,0.95,0.05
2,0.722087,0.563595,0.05,0.95
1,0.44622,0.529999,0.95,0.05
2,0.606216,0.524473,0.05,0.95
1,0.475346,0.29588,0.95,0.05
2,0.58588,0.528567,0.05,0.95
1,0.405922,0.491267,0.95,0.05
2,0.714611,0.396716,0.05,0.95
1,0.459017,0.37252,0.95,0.05
2,0.615313,0.587822,0.05,0.95
1,0.495461,0.582965,0.95,0.05
2,0.634624,0.517813,0.05,0.95
1,0.480998,0.659489,0.95,0.05
2,0.69876,0.555833,0.05,0.95
1,0.425468,0.617645,0.95,0.05
2,0.666182,0.404765,0.05,0.95
1,0.42816,0.358997,0.95,0.05
2,0.546751,0.367592,0.05,0.95
1,0.513086,0.50331,0.95,0.05
2,0.592044,0.55076,0.05,0.95
1,0.437687,0.55488,0.95,0.05
2,0.463559,0.386185,0.05,0.95
1,0.348053,0.590277,0.95,0.05
2,0.61651,0.643271,0.05,0.95
1,0.484891,0.513747,0.95,0.05
2,0.533996,0.557664,0.05,0.95
1,0.264415,0.384166,0.95,0.05
2,0.49066,0.462414,0.05,0.95
1,0.377786,0.597039,0.95,0.05
2,0.630619,0.631428,0.05,0.95
1,0.379378,0.548169,0.95,0.05
2,0.580308,0.553388,0.05,0.95
1,0.406982,0.64981,0.95,0.05
2,0.725102,0.532625,0.05,0.95
1,0.408493,0.450642,0.95,0.05
2,0.55239,0.481728,0.05,0.95
1,0.531212,0.535027,0.95,0.05
2,0.577563,0.390524,0.05,0.95
1,0.505277,0.418393,0.95,0.05
2,0.592488,0.481205,0.05,0.95
1,0.353458,0.555831,0.95,0.05
2,0.564479,0.520483,0.05,0.95
1,0.418719,0.399684,0.95,0.05
2,0.73055,0.46381,0.05,0.95
1,0.595904,0.588363,0.95,0.05
2,0.570585,0.550139,0.05,0.95
1,0.364557,0.468897,0.95,0.05
2,0.49842,0.398165,0.05,0.95
1,0.466204,0.403047,0.95,0.05
2,0.459408,0.54357,0.05,0.95
1,0.413612,0.518396,0.95,0.05
2,0.582837,0.595981,0.05,0.95
